{"loss": 0.03834818676114082, "val_loss": 0.26483434438705444, "_timestamp": 1700154562.228753, "_runtime": 1088.1158411502838, "_step": 5, "_wandb": {"runtime": 1466}}