{"loss": 0.05226033180952072, "val_loss": 0.5006612539291382, "_timestamp": 1700150564.14824, "_runtime": 557.922963142395, "_step": 2, "_wandb": {"runtime": 564}}