{"loss": 0.036956995725631714, "val_loss": 0.491013765335083, "_timestamp": 1700152387.4284406, "_runtime": 1439.1466615200043, "_step": 7, "_wandb": {"runtime": 1584}}